2025-06-05T21:42:22.945Z,INFO,accept,cyclechronicles.Shop,Typ=RACE,Kunde=kunde1,pendingOrders
2025-06-05T21:42:22.980Z,INFO,accept,cyclechronicles.Shop,Typ=RACE,Kunde=kunde1,pendingOrders
2025-06-05T21:42:22.986Z,INFO,accept,cyclechronicles.Shop,Typ=RACE,Kunde=kunde2,pendingOrders
2025-06-05T21:42:22.986Z,INFO,accept,cyclechronicles.Shop,Typ=RACE,Kunde=kunde3,pendingOrders
2025-06-05T21:42:22.996Z,INFO,accept,cyclechronicles.Shop,Typ=RACE,Kunde=kunde4,pendingOrders
2025-06-05T21:42:22.998Z,INFO,accept,cyclechronicles.Shop,Typ=RACE,Kunde=kunde5,pendingOrders
2025-06-05T21:42:23.005Z,INFO,accept,cyclechronicles.Shop,Typ=RACE,Kunde=kunde1,pendingOrders
2025-06-05T21:42:23.005Z,INFO,accept,cyclechronicles.Shop,Typ=RACE,Kunde=kunde2,pendingOrders
2025-06-05T21:42:23.005Z,INFO,accept,cyclechronicles.Shop,Typ=RACE,Kunde=kunde3,pendingOrders
2025-06-05T21:42:23.017Z,INFO,accept,cyclechronicles.Shop,Typ=RACE,Kunde=kunde4,pendingOrders
2025-06-05T21:42:23.017Z,INFO,accept,cyclechronicles.Shop,Typ=RACE,Kunde=kunde5,pendingOrders
2025-06-05T21:42:23.017Z,INFO,accept,cyclechronicles.Shop,Typ=RACE,Kunde=kunde1,pendingOrders
2025-06-05T21:47:59.467Z,INFO,accept,cyclechronicles.Shop,Typ=RACE,Kunde=kunde1,pendingOrders
2025-06-05T21:47:59.482Z,INFO,accept,cyclechronicles.Shop,Typ=RACE,Kunde=kunde1,pendingOrders
2025-06-05T21:47:59.498Z,INFO,accept,cyclechronicles.Shop,Typ=RACE,Kunde=kunde2,pendingOrders
2025-06-05T21:47:59.498Z,INFO,accept,cyclechronicles.Shop,Typ=RACE,Kunde=kunde3,pendingOrders
2025-06-05T21:47:59.498Z,INFO,accept,cyclechronicles.Shop,Typ=RACE,Kunde=kunde4,pendingOrders
2025-06-05T21:47:59.498Z,INFO,accept,cyclechronicles.Shop,Typ=RACE,Kunde=kunde5,pendingOrders
2025-06-05T21:47:59.498Z,INFO,accept,cyclechronicles.Shop,Typ=RACE,Kunde=kunde1,pendingOrders
2025-06-05T21:47:59.498Z,INFO,accept,cyclechronicles.Shop,Typ=RACE,Kunde=kunde2,pendingOrders
2025-06-05T21:47:59.514Z,INFO,accept,cyclechronicles.Shop,Typ=RACE,Kunde=kunde3,pendingOrders
2025-06-05T21:47:59.514Z,INFO,accept,cyclechronicles.Shop,Typ=RACE,Kunde=kunde4,pendingOrders
2025-06-05T21:47:59.514Z,INFO,accept,cyclechronicles.Shop,Typ=RACE,Kunde=kunde5,pendingOrders
2025-06-05T21:47:59.529Z,INFO,accept,cyclechronicles.Shop,Typ=RACE,Kunde=kunde1,pendingOrders
2025-06-05T21:57:40.048Z,INFO,accept,cyclechronicles.Shop,Typ=RACE,Kunde=kunde1,pendingOrders
2025-06-05T21:57:40.064Z,INFO,repair,cyclechronicles.Shop,Typ=RACE,Kunde=kunde1,pendingOrders
2025-06-05T21:57:40.064Z,INFO,repair,cyclechronicles.Shop,Typ=RACE,Kunde=kunde1,completedOrders
